.	1267304
καὶ	1250320
τὸ	525304
δὲ	505949
τοῦ	363677
τῶν	342686
τὴν	295557
ἐν	259174
τῆς	248484
γὰρ	242787
ὁ	225341
τὰ	217157
μὲν	212586
ἡ	193536
τὸν	187121
τῷ	179982
ὡς	139538
ἢ	135199
κατὰ	120813
εἰς	119481
πρὸς	119422
τε	117929
ἐπὶ	117562
τοῖς	115190
ὅτι	114850
διὰ	111333
μὴ	109610
οὐ	106165
τῇ	95375
οὐκ	93588
εἰ	92782
περὶ	88853
οἱ	87548
εἶναι	81646
τοὺς	80176
τοῦτο	77248
ἐκ	76210
οὖν	75387
δ	74133
τὰς	72895
αὐτοῦ	68264
ἀπὸ	67969
ἀλλὰ	66160
ἀλλ	55370
τι	52359
ἂν	49833
ἐστιν	48381
αὐτῶν	48297
ὑπὸ	45710
ἐστι	44940
ταῦτα	43820
ἐξ	43772
αὐτῷ	39499
οὕτως	39322
αἱ	39134
παρὰ	38250
τις	37735
αὐτὸν	36989
μετὰ	35458
ἦν	35187
οὐδὲ	33663
ταῖς	30931
ἔχει	29891
δὴ	29638
ὥσπερ	28877
et	28792
καθ	28776
in	28083
γε	28057
οὔτε	27032
οἷον	26767
δι	25711
the	25345
μᾶλλον	24910
ὧν	24860
αὐτοῖς	24617
νῦν	24329
οὕτω	24136
οὐχ	23955
αὐτὸ	23800
ἄν	22987
ἔστι	22784
ὥστε	22181
τούτων	22146
κατ	21540
δέ	21103
ὅταν	20956
ὃ	20936
οὐδὲν	20908
ἄρα	20704
ἔτι	20397
αὐτῆς	20328
ἐπεὶ	20231
αὐτὸς	19830
ἔσται	19329
ἵνα	19174
ἡμῖν	18468
a	18411
ἔστιν	18315
ἐστὶν	18307
αὐτὴν	18264
πάντα	18238
δεῖ	18216
τί	18176
ἐστὶ	17936
πῶς	17078
μόνον	16829
οὗ	16381
and	16357
Καὶ	16192
δʼ	16057
ἀντὶ	16029
A	15643
ἡμῶν	15552
εἴη	15547
δέ	15533
ἐπ	15370
πρῶτον	15360
αὐτοὺς	15282
ἤδη	15187
πάλιν	15040
σου	14859
ἔχειν	14858
θεοῦ	14679
μοι	14436
γίνεται	14366
ἐὰν	14335
α	14283
μου	14259
σῶμα	14087
ἐπειδὴ	14081
ἄλλων	13864
γάρ	13661
ἅμα	13641
of	13516
Α	13516
p	13372
ὅπερ	13339
πρὸ	13276
ὑπὲρ	13264
ἄλλο	13235
μὴν	12981
ἀεὶ	12853
τινα	12631
?	12476
ἡμᾶς	12406
λόγον	12322
U	12029
αὐτὰ	11873
τούτου	11754
ἣν	11750
παρ	11748
δύο	11666
ὅσα	11635
φύσιν	11616
τῆϲ	11489
ἐφ	11451
πᾶν	11401
Β	11366
ἤτοι	11306
ἓν	11302
D	11286
οὗτος	11246
est	11235
γῆς	11179
με	11139
ἃ	11095
λέγει	11089
ᾧ	11076
δῆλον	11056
εἶπεν	11034
εἰπεῖν	11021
ε	10993
τοῦτον	10852
οἷς	10819
ὃν	10785
τούτων	10723
πάντα	10675
λόγος	10659
εἶδος	10638
Γ	10441
διὸ	10410
ἄνθρωπος	10327
πάντων	10264
οὐδ	10254
εἰϲ	10253
εἴ	10105
ᾖ	10073
ἕτερον	9968
εἴρηται	9958
τούτοις	9870
ἐγὼ	9842
τί	9800
φησιν	9787
ὅτε	9741
αὐτῇ	9683
ὄντα	9643
σοι	9527
σὺν	9525
ψυχῆς	9392
ὁμοίως	9357
πολλὰ	9353
ὅ	9308
χρὴ	9136
to	9102
ὡϲ	9090
εἶτα	9074
μηδὲ	9022
ὑπ	8996
καθόλου	8970
ἕκαστον	8906
ὄνομα	8904
πάλιν	8845
ἄλλα	8839
δύο	8677
ποιεῖ	8676
γάρ	8670
ὅπως	8612
μηδὲν	8609
non	8564
τοιοῦτον	8544
λέγεται	8535
ὄντος	8511
αὕτη	8499
γοῦν	8451
ἐς	8451
τοιαῦτα	8409
Περὶ	8389
τ	8365
ἑαυτοῦ	8333
ὅλως	8306
Θεοῦ	8246
ἐνταῦθα	8244
τινος	8242
μάλιστα	8228
ad	8221
ὕδωρ	8216
λέγων	8136
τοίνυν	8119
ὂν	8073
γίνεται	8062
γῆν	7972
B	7967
φησὶν	7964
λέγειν	7943
εἴτε	7943
μέν	7915
τινὰ	7905
παντὸς	7895
δοκεῖ	7868
πρότερον	7856
μόνον	7730
σε	7728
γ	7656
und	7582
ὄντων	7559
ἕως	7542
εἰσιν	7540
ἄλλως	7537
σώματος	7505
μήτε	7466
ἄνω	7460
λόγον	7399
b	7394
ἀρχὴν	7362
om	7320
παντὶ	7301
τρόπον	7269
ὦ	7260
μέρος	7258
V	7226
τούτῳ	7197
ἀλλʼ	7187
ποιεῖν	7156
θεὸς	7123
ᾗ	7117
ὅσον	7108
πολὺ	7088
ὑμῶν	7063
ὅλον	7062
ἑξῆς	7000
μετ	6966
ἀνάγκη	6953
κἂν	6943
μέντοι	6943
ποτὲ	6911
τότε	6909
ταύτην	6903
καλῶς	6818
γένος	6810
ἁπλῶς	6793
ut	6792
ὃς	6743
καθάπερ	6694
I	6671
qui	6654
ποτε	6653
φησὶ	6645
τούτου	6638
φησι	6629
β	6571
c	6551
λέγει	6536
τίς	6530
ἀρχῆς	6422
M	6389
ἔχων	6376
ὅθεν	6267
ἄνθρωπον	6264
πῦρ	6239
ζῷον	6228
δραχ	6228
αἴτιον	6211
ἡμεῖς	6183
ἀπ	6162
η	6151
σὺ	6049
ὑπάρχειν	6033
ἀδύνατον	6030
γίνεσθαι	6018
λόγῳ	6010
ἀναγκαῖον	5954
λόγος	5947
τινες	5934
δυνάμει	5933
γενέσθαι	5929
quod	5906
ὢν	5886
ἧς	5878
ἢν	5871
ἔφη	5860
φύσει	5817
πάντων	5805
die	5781
οὗτοι	5773
ἐκεῖ	5766
ἑαυτὸν	5739
μεταξὺ	5731
εἴπερ	5715
ὑπάρχει	5682
autem	5680
πολλῶν	5669
that	5650
ὑμῖν	5608
ν	5598
cum	5581
Ὁ	5571
ἔχοντα	5521
ἄνευ	5468
πνεῦμα	5466
ὕστερον	5456
πολλάκις	5428
φησίν	5414
Χριστοῦ	5407
ἄλλοις	5402
πλὴν	5400
ἀγαθὸν	5375
λόγου	5365
ἄπειρον	5362
δύναμιν	5342
εἰσι	5342
τινὶ	5321
χωρὶς	5294
πλῆθος	5238
πᾶσαν	5235
θεὸν	5206
de	5193
ἴδιον	5176
κ	5167
ἑνὸς	5161
πάντως	5159
ἧττον	5154
ὁμοίως	5145
ἔξω	5128
εἰπὼν	5124
κάτω	5123
ἴσον	5082
δύναται	5072
ἕν	5042
ὕδατος	5039
ἐκεῖνο	5020
der	5020
ταύτης	4990
Τὸ	4970
ψυχὴν	4967
ι	4964
ἀφ	4963
τοῖϲ	4940
ex	4936
μέν	4933
λοιπὸν	4906
βασιλεὺς	4892
is	4888
Q	4874
Il	4852
quae	4851
ἔχον	4835
ἀνθρώπων	4834
φησί	4833
λέγεται	4821
ο	4814
δυνατὸν	4812
χρόνον	4810
αὐτὴ	4807
εἰσὶ	4789
Εἰ	4766
ἀνάγκης	4710
εὐθὺς	4702
ἐφεξῆς	4691
τόπον	4686
πᾶσα	4684
λέγειν	4679
καί	4664
αὐτοὶ	4660
πᾶσι	4639
τινὸς	4626
οὐσίας	4605
φύσεως	4601
οὐχὶ	4557
εὖ	4529
τούτοις	4522
μάλιστα	4485
ἔστω	4484
διότι	4479
κινήσεως	4476
εἶπε	4469
ὑμᾶς	4463
ἴσως	4461
ἐστίν	4457
σημεῖον	4447
ἑαυτῷ	4441
πρός	4439
νοῦν	4438
τοσοῦτον	4419
Ὅτι	4408
τό	4383
τοῦτ	4383
πρότερον	4380
χρόνῳ	4379
κίνησις	4372
αἰτίαν	4354
εἰσὶν	4346
ἤ	4337
ἔργον	4332
μέχρι	4319
ἕνεκα	4319
οὐσίαν	4318
ἣ	4296
δηλοῖ	4296
εἴδη	4286
θεῶν	4275
οὖσα	4274
τότε	4270
ἔξωθεν	4255
ὄν	4240
ταὐτὸν	4225
που	4203
πᾶσιν	4193
ὕλης	4192
οὓς	4188
κίνησιν	4187
λέγω	4176
νοῦς	4172
πρὸϲ	4170
Ε	4168
μή	4155
Τὰ	4154
ἦσαν	4149
οἳ	4142
τρεῖς	4128
τινὲς	4128
ἄλλου	4116
πάντες	4112
πᾶς	4110
αὖθις	4106
τέλος	4093
σχῆμα	4091
φῶς	4085
τοι	4080
ἐκείνων	4054
ἕνα	4049
οὔσης	4033
πλέον	4027
κινεῖσθαι	4019
ἔχουσι	4018
μίαν	4009
φύσιν	4006
ὅμως	3993
ψυχὴ	3988
λαβεῖν	3984
οὐκέτι	3974
θεῷ	3972
ἔμπροσθεν	3962
φαίνεται	3952
αὐτὰς	3946
Θεὸς	3939
ἐμοῦ	3928
φύσις	3911
ἐκείνου	3905
sed	3897
δυνάμεως	3891
ταύτην	3879
ἀνθρώπου	3863
ἀληθὲς	3857
for	3853
πρὶν	3831
μικρὸν	3829
μέσον	3825
μέρος	3822
οὐδεὶς	3814
enim	3807
ὑφ	3806
ταύτῃ	3803
τουτέστι	3803
E	3795
μέντοι	3793
ἐκεῖνος	3781
πατρὸς	3779
ἐνδέχεται	3775
he	3770
καθάπερ	3770
τούτῳ	3753
ἔπειτα	3748
ἀρχὴ	3746
του	3742
αἷμα	3728
ὕλη	3694
τοὺϲ	3691
καίτοι	3688
ἀκριβῶς	3680
H	3678
ἔν	3669
as	3660
θ	3652
κύριος	3649
ἄμφω	3640
οὔ	3637
sunt	3637
ἔδει	3627
ἅπαντα	3616
πως	3613
ἑαυτῶν	3609
πολλοὶ	3602
κινεῖται	3594
καί	3581
ἐπʼ	3581
κοινὸν	3568
ἔνθα	3566
εἷς	3560
ὕλην	3557
Ἰησοῦ	3557
τρόπον	3556
τινι	3553
ἥ	3546
ἀλλήλων	3541
μήτε	3519
οὐσία	3493
ζῴων	3484
αὐτόν	3471
λευκὸν	3471
ἐγένετο	3458
ὅπου	3451
γίνονται	3446
ἐντεῦθεν	3444
his	3443
ἡμέρας	3438
C	3432
ὅμοιον	3432
λέγων	3431
ἄλλοι	3429
πυρὸς	3428
ἐμοὶ	3404
γῆ	3396
cf	3396
ἐναντία	3391
ἁπάντων	3389
πόλιϲ	3387
οἷόν	3382
ἥτις	3380
σαφῶς	3377
μία	3376
τοίνυν	3363
Ἰσραὴλ	3361
οἶμαι	3359
μέγεθος	3342
υἱὸς	3338
g	3330
ἄτοπον	3326
θερμὸν	3322
esse	3317
μέρη	3314
σωμάτων	3311
χάριν	3306
ἀρχὰς	3292
λόγου	3292
οὐρανοῦ	3283
τοιούτων	3279
αὖ	3274
ἀνθρώπων	3260
τίς	3247
κυρίως	3232
αὑτὸ	3228
i	3222
δεῖν	3222
F	3215
ἀνὰ	3215
συμβεβηκὸς	3198
γίνονται	3196
γενέσθαι	3196
και	3195
πάθος	3194
with	3191
καθʼ	3190
τοὐ	3188
ἔχουσιν	3186
not	3171
αὐτόν	3171
ἐνεργείᾳ	3161
μεθ	3159
ὁμοῦ	3149
εἰκότως	3147
σώματος	3145
Ζ	3133
πολλοὺς	3132
be	3117
διʼ	3112
ἐγένετο	3109
Δ	3104
δεύτερον	3090
ἅπερ	3079
ἄνδρα	3078
πραγμάτων	3069
λόγων	3067
υἱὸν	3060
ἤγουν	3045
πολλῷ	3043
si	3034
ἃς	3033
was	3024
πατὴρ	3023
πάντες	3007
ἐναντίον	3005
σώματι	3003
πολλοῖς	2983
ἀνὴρ	2982
χρόνου	2979
ἀνδρῶν	2977
μ	2971
ἔργα	2965
Ἐν	2956
ἔχοντες	2953
ὅλων	2952
σώματα	2943
ὅλου	2939
μεῖζον	2939
Ἀριστοτέλης	2938
κεφαλὴν	2936
ἐνέργειαν	2935
Κύριος	2935
ἄλλῳ	2933
οὔτ	2929
ἀγαθῶν	2928
μηδ	2927
πάντας	2926
παῤ	2925
ἐστί	2923
τουτέστιν	2923
ἄλλην	2920
it	2919
ὕδατι	2912
μερῶν	2905
δύναται	2902
λόγους	2898
αἵματος	2894
Ἡ	2891
ἑκάστου	2890
ἄνωθεν	2886
μή	2885
οὖσαν	2878
δηλονότι	2878
αὗται	2876
ἐκεῖνον	2867
ἄλλος	2867
πρᾶγμα	2863
ἔνιοι	2861
ὀλίγον	2857
ζωῆς	2852
τὰϲ	2847
ἀλλήλοις	2842
τούτους	2840
ΑΒ	2835
λέγομεν	2831
λόγῳ	2822
ἔτη	2819
pr	2817
μέχρι	2807
πόλιν	2805
τόπον	2804
πάσης	2799
καθὸ	2794
τοιούτων	2792
ζῆν	2789
ἐκτὸς	2783
φασιν	2777
δεῖξαι	2769
ὥς	2768
ὅσοι	2768
ψεῦδος	2765
κυρίου	2761
ἀληθῶς	2759
αὐταῖς	2758
σοῦ	2752
εἴδει	2752
μέγα	2750
Τοῦ	2746
Διὰ	2742
χρόνον	2741
κατʼ	2737
vero	2735
κακὸν	2733
ἔλεγεν	2732
αὐτό	2728
τροφῆς	2722
ὀρθῶς	2722
τριῶν	2719
ἃν	2718
ἄλλους	2707
γένηται	2705
κακῶν	2702
ἡμέρας	2695
αἴσθησιν	2695
μιᾶς	2694
δύνασθαι	2693
πάνυ	2692
ἐθνῶν	2690
ποιῆσαι	2688
ἄλληλα	2686
ἀριθμὸν	2684
δύναμιν	2682
ἐστίν	2681
πρῶτος	2665
συμπέρασμα	2657
εἴδους	2653
γένεσιν	2649
δύναμις	2641
κακῶς	2639
αἰτίας	2633
μέρους	2621
ἵν	2620
πόλιν	2607
μῆκος	2604
πλεῖστον	2604
τῆ	2602
κατά	2599
se	2598
εἰρημένων	2598
Οἱ	2597
hoc	2597
ἕτερα	2593
ἰδοὺ	2589
Fl	2587
ἐμὲ	2583
shall	2582
λέγω	2581
ὄντες	2573
ἔχουσα	2571
ab	2562
βούλεται	2560
γένους	2554
ἔλαττον	2552
μόρια	2551
τά	2550
τινας	2549
οὐδενὶ	2549
ἄνθρωποι	2544
ταύτης	2544
ἰδεῖν	2544
καλεῖται	2543
τοῦτό	2543
ἐναντίων	2540
κεφαλῆς	2540
λαβὼν	2529
εἶναί	2528
τινων	2526
ἐντὸς	2525
ὡσαύτως	2524
from	2522
γῇ	2522
ἁ	2518
ἄλλον	2517
χρόνος	2517
τόπῳ	2514
ψυχῇ	2513
δόξαν	2513
κα	2511
Οὐ	2508
τοιοῦτος	2505
ὑμεῖς	2505
e	2504
ζ	2504
by	2501
Η	2499
συμβαίνει	2496
etiam	2495
οὕτωϲ	2494
ἕκαστος	2490
ἄχρι	2483
ἀρετῆς	2480
ἐφʼ	2478
φανερὸν	2477
θεῖον	2470
μορίων	2470
λ	2470
quidem	2456
καιρὸν	2455
καλὸν	2450
v	2444
γίνεσθαι	2442
αὑτοῦ	2440
βασιλέως	2438
ἐκεῖνα	2424
ἄλλη	2421
ἀνάγκη	2415
ἀρχῇ	2414
αἴσθησις	2413
χάριν	2412
τό	2404
σχεδὸν	2402
ἀγαθόν	2397
Θ	2394
εἶπον	2393
χρῆσθαι	2386
πρῶτα	2384
ρ	2382
Θεὸν	2382
λέγοντες	2381
οὐκοῦν	2374
ς	2365
γέγονεν	2355
τίνα	2354
στοιχεῖα	2347
ἔϲτι	2345
πολλάκις	2343
Χριστὸν	2337
τόπος	2329
τόδε	2327
ἑνὶ	2324
ἀρετὴν	2324
χεῖρας	2322
ἕπεται	2319
Χριστὸς	2318
τρίτον	2308
γενέσεως	2302
κἄν	2302
ἡμέραν	2301
ἔφην	2296
γένος	2291
σημαίνει	2291
ἄξιον	2289
ac	2289
οὐρανὸν	2287
they	2282
ἀληθῆ	2280
Od	2272
φύσει	2268
τέλος	2267
αἰτίαν	2263
ἀπλῶς	2263
Ἀλλὰ	2262
κινούμενον	2261
ἔσονται	2261
νόμον	2261
ὑγρὸν	2260
μόριον	2257
πότερον	2251
ὄντι	2247
den	2245
ιβ	2245
ἀέρος	2239
ἴση	2236
δυνάμεις	2234
πολλὴν	2212
Ἰησοῦς	2207
κύκλου	2200
ἕξει	2196
ἐϲτι	2193
ἡμερῶν	2190
ἕνεκεν	2188
ποῦ	2186
ἑαυτοὺς	2185
ἀμφοῖν	2177
ἑτέρου	2174
πάντας	2174
καλεῖ	2173
ταύτας	2173
τοῦδε	2172
τουτέστιν	2172
Ἐπεὶ	2170
φωνῆς	2168
πνεύματος	2167
οἶκον	2167
περ	2163
ὑπάρχον	2162
ὑποκείμενον	2160
κύριον	2159
ἑπτὰ	2156
πρώτῳ	2156
πέρας	2156
ἅτε	2154
γυναῖκα	2154
σχήματι	2147
εἶχεν	2146
ἀνθρώποις	2145
ἔθνη	2144
φασι	2143
ἔλεγον	2142
ἥλιος	2140
διαφέρει	2138
υἱοῦ	2122
ἐκείνου	2121
ἔχῃ	2120
ἀνδρὸς	2118
τᾶς	2115
ὅλην	2113
ἐπιστήμη	2110
οἴνου	2109
τοιαύτη	2109
ἄμεινον	2108
ἕτερος	2104
Θεῷ	2103
φαίνεται	2099
ἴσα	2099
μέρη	2096
λόγοις	2087
κόσμου	2086
ἑαυτοῖς	2086
οἰκεῖον	2082
οὗν	2078
μέσον	2077
ἀνθρώπῳ	2076
πατέρα	2074
him	2073
τοιαύτην	2073
πρόσθεν	2073
ἐνίοτε	2073
ἀὴρ	2070
ἄνδρες	2066
ὅλης	2065
ἐκεῖθεν	2061
δείκνυσιν	2061
αἴτια	2057
εἰκὸς	2056
παθῶν	2055
ἕκαστα	2055
βασιλεῖ	2049
ἐχόντων	2048
ὄντως	2043
ἔργων	2041
ὅμοια	2038
sq	2038
Κυρίου	2036
πάθη	2034
zu	2034
πέντε	2033
ἀριθμῷ	2033
ἄλλας	2029
μίαν	2027
γινόμενον	2027
κεῖται	2024
λόγων	2024
καθὼς	2021
ὧδε	2018
βασιλέως	2015
Ἀλλ	2015
Ταῦτα	2014
ἅπαν	2013
σημεῖα	2010
οἴνῳ	2009
μέγα	2008
εἶχε	2008
ἑ	2007
δεῖται	2002
ἥλιον	2001
οἶον	2001
ἑκάστῳ	2000
P	1999
λοιπῶν	1999
this	1996
τινῶν	1995
φαμεν	1993
ἐνεργείας	1989
αἰτία	1988
υἱοὶ	1985
Heb	1983
μηδενὶ	1981
αἰσθητῶν	1978
εἰδέναι	1976
Κύριος	1976
διότι	1974
ει	1972
S	1970
ψυχρὸν	1970
κάτω	1968
ἀγαθοῦ	1964
Ἔτι	1964
υ	1964
σοὶ	1962
per	1960
τοῖσι	1960
ἐκεῖνοι	1958
οὐδενὸς	1954
νοῦ	1953
χρῶμα	1953
πανταχοῦ	1952
πᾶσαι	1951
sie	1950
λεγόμενον	1947
ABBREV	1945
ζῷα	1943
ποιεῖται	1941
εἰδῶν	1941
ποδῶν	1941
καθόλου	1940
κινήσεις	1939
οὐδέν	1934
ἱκανῶς	1934
ὥστ	1933
er	1932
das	1930
σὲ	1928
ὅς	1925
οὐκέτι	1922
ἡλίου	1919
εὑρεῖν	1919
θεός	1918
have	1917
ἐκείνοις	1917
Κ	1917
ἅπαξ	1915
οὔπω	1912
ὁρᾶν	1908
κύκλῳ	1907
γένεσις	1906
ἔνδον	1904
me	1903
οἵ	1900
ἔκ	1899
χεῖρα	1897
γνῶσιν	1897
ἐπειδὰν	1895
τινὰς	1895
II	1890
which	1886
them	1886
ἀληθείας	1886
βίον	1886
αὐτούς	1885
διά	1884
ἔσεσθαι	1884
eo	1884
σ	1883
ω	1881
προτάσεις	1879
διαφορὰν	1878
σφόδρα	1877
ἡλίου	1876
ἐϲτιν	1876
ὑπάρχειν	1873
προτάσεων	1872
eum	1870
αὐτήν	1870
ἐχρῆν	1866
στοιχείων	1863
πάσχειν	1862
φάρμακον	1860
ποιεῖσθαι	1859
And	1853
ἀέρα	1853
πρός	1850
εἰμι	1850
πόλεως	1848
λέγεσθαι	1845
τροφὴν	1844
ζωὴν	1844
μοίρας	1838
πρώτου	1836
σαρκὸς	1836
εἶ	1832
quam	1829
οἷα	1824
πασῶν	1823
γένει	1821
ζῴου	1820
βίον	1819
sit	1818
πλείω	1817
ἑκάτερον	1815
πρώτην	1815
θερμοῦ	1815
χώραν	1813
ἔχοντος	1813
at	1810
γένη	1810
δυνάμει	1810
Ι	1807
γένοιτο	1803
σημαίνει	1802
γυνὴ	1802
ἑτέραν	1799
but	1798
παντελῶς	1797
πλέον	1797
ἀδύνατον	1797
Διὸς	1796
τήν	1796
μέγεθος	1794
πολλὰς	1793
δίκαιον	1792
ὤν	1788
δοκεῖν	1787
πλείους	1787
Ἰουδαίων	1779
πράγματα	1778
κύκλος	1777
πράγματος	1775
ταύτῃ	1774
an	1773
γέγονε	1773
πόλεως	1772
ποιῶν	1770
πλειόνων	1765
σάρκα	1764
ὁδὸν	1763
οἶ	1763
quo	1762
ἐκείνῳ	1758
von	1757
ζητεῖν	1756
ποτὶ	1756
π	1755
θεοὺς	1753
τρία	1752
κινεῖ	1751
σπέρμα	1745
λέγουσιν	1744
πάνυ	1740
κόσμον	1739
φαρμάκων	1736
ποσὸν	1733
ἑαυτῆς	1732
δέδεικται	1732
δόξης	1731
ἄνδρας	1726
πολλοῦ	1725
id	1724
εὐθεῖα	1723
ἀμφοτέρων	1723
Τῶν	1721
ἐλθεῖν	1721
φησίν	1718
φύσεως	1717
νόμου	1708
ἅπασι	1707
λόγους	1706
δέκα	1705
αὐτός	1704
ἔλεγε	1704
δή	1703
ἥμισυ	1701
ὑποκειμένου	1699
ὅστις	1697
μείζων	1696
nicht	1696
κατηγορεῖται	1695
αἰσθήσεως	1691
Παῦλος	1690
φωνὴν	1686
ἔθος	1686
πάλαι	1684
ὑπάρχει	1681
ἀλήθειαν	1677
The	1676
eius	1675
all	1674
γίγνεται	1673
ἔοικε	1671
ΒΓ	1671
βραχὺ	1668
ἀνθρώπους	1667
ταῦτ	1666
ἀνθρώπου	1661
ἐποίησεν	1661
νυκτὸς	1660
πάσας	1659
vel	1658
ἐκείνων	1655
λοιπὰ	1655
θανάτου	1648
τάξιν	1645
οἶδα	1645
πολλῆς	1644
χρόνῳ	1644
πάντως	1644
μέρει	1641
οὐδʼ	1640
ΑΒΓ	1640
μόνος	1639
post	1636
εἴποι	1634
εἶχον	1633
ἀριθμὸς	1633
Πρὸς	1632
ὁτὲ	1630
ΑΓ	1630
φασὶ	1627
θάνατον	1627
τὰν	1626
πλεῖον	1625
ἀλλήλων	1623
d	1621
ἑαυτὴν	1617
ἦ	1616
τιϲ	1616
fr	1616
nec	1614
οὐδαμῶς	1613
δεύτερον	1613
ἀπʼ	1613
ῥῆμα	1611
ῑ	1611
πρώτη	1610
ὅλῳ	1610
ἔχομεν	1609
γένηται	1608
συμβεβηκός	1604
κινοῦν	1601
νοεῖν	1601
ἔοικεν	1600
ἑτέρων	1598
ἐγγὺς	1596
Ἰησοῦν	1596
εἶεν	1595
πίστεως	1595
Χριστῷ	1593
γυναικῶν	1592
so	1588
Κυρίου	1586
ἔνια	1585
λαοῦ	1584
ἔχοι	1581
μιᾷ	1579
G	1575
κἀν	1575
βασιλείας	1574
θεοῖς	1573
ἕξιν	1573
ἄλλης	1566
διαφέρει	1565
Σωκράτης	1564
γεγονέναι	1563
παρʼ	1563
δείκνυσι	1562
αἷς	1561
μηδενὸς	1558
δὶς	1555
des	1554
οἶδεν	1553
μόνῳ	1553
ἐπί	1552
εἴς	1548
νόμος	1548
δή	1547
συνεχῶς	1546
δε	1546
Οὐκ	1545
γυναικὸς	1545
μείζων	1543
ἀρχῶν	1539
ἐπιστήμην	1538
βασιλέα	1534
δυοῖν	1529
τηνικαῦτα	1529
καρδίας	1525
διαφορὰς	1524
καιρῷ	1524
ζῶον	1524
ὑποκειμένῳ	1522
αὐτούς	1520
ἐρεῖ	1519
πάσης	1517
Ἀπὸ	1517
ἀγαθὰ	1517
Ἐὰν	1515
ποταμοῦ	1514
ἀληθές	1514
τῶ	1512
Μ	1512
τῇδε	1510
ἐνέργεια	1510
λευκοῦ	1509
ἡμέραν	1508
παῖς	1505
ἔσχατον	1499
γέγονεν	1498
atque	1498
οἵων	1495
ὄψιν	1493
ἀνθρώποις	1493
χειρὸς	1492
κε	1491
Μετὰ	1488
μείζονα	1485
Ὡς	1484
το	1484
γράφεται	1483
τέ	1478
θᾶττον	1474
τρίτον	1474
οἶνον	1473
ϲ	1471
μέσου	1470
τόπου	1469
πόλις	1469
συμβαίνει	1469
εὐθεῖαν	1468
ἡμέρᾳ	1468
ὄντας	1463
αὐτήν	1462
ἤπερ	1462
ὥρας	1457
ὄρος	1457
τά	1453
τίνος	1450
aber	1450
λέγουσι	1448
λαμβάνει	1448
ita	1447
on	1441
πλησίον	1441
ὀλίγον	1441
quoniam	1441
κύριον	1441
ἑτέρας	1440
ὧς	1440
τούτους	1439
τʼ	1439
αὐτά	1438
are	1437
των	1437
τῷδε	1437
οἱονεὶ	1434
πίστιν	1434
λευκόν	1434
ἐναργῶς	1434
their	1433
τάχα	1432
ὅρων	1431
T	1425
erat	1425
x	1421
Πλάτων	1421
μία	1421
neque	1420
ἄλογον	1417
Πατρὸς	1417
κακὰ	1415
ἐτῶν	1413
αὐτό	1411
secundum	1411
ἀμφότερα	1411
μέσῳ	1410
Ζεὺς	1408
ἄλλοτε	1408
δηλονότι	1408
ΕΖ	1406
εἴπομεν	1405
Ῥωμαίων	1404
οὔθ	1404
στόμα	1403
ἑκάστην	1403
Τοῦτο	1402
υἱῶν	1401
χυμῶν	1401
σωτῆρος	1400
φύσις	1400
κενὸν	1400
εἰδὼς	1399
ist	1399
λεγομένων	1398
τουτέστι	1398
φωνὴ	1396
βίου	1394
αὐτίκα	1392
ἐκείνης	1391
AQ	1389
πάθος	1386
aut	1385
τον	1384
κέντρον	1384
αἰῶνος	1382
μαθεῖν	1382
ου	1382
ὅρον	1381
πυρὶ	1381
τοιαύτης	1374
who	1371
ῥᾳδίως	1371
χρῆται	1371
ἐπιστήμης	1369
ὅν	1368
haec	1367
εἷναι	1366
ταὐτόν	1365
ἡδονῆς	1364
καίτοι	1363
δἰ	1362
μικρὰ	1361
κινεῖν	1361
ἑκάστου	1361
ὑπʼ	1361
μυῶν	1360
θάτερον	1358
s	1357
ἄλλαι	1357
ὀφθαλμῶν	1356
ἔνθεν	1356
ἐναντίον	1356
Ὅμηρος	1355
ἀμφὶ	1355
Ἔστι	1354
ὑγροῦ	1352
δευτέρῳ	1352
βέλτιον	1351
ὥϲπερ	1351
ὀνόματι	1348
καιροῦ	1347
ἅπαντας	1347
ὅρος	1346
νυνὶ	1346
διαφορὰ	1344
γινομένων	1342
Ἀρίσταρχος	1341
φαμὲν	1339
ἅγιον	1338
δοῦναι	1337
ἓξ	1336
παθεῖν	1336
εὐθέως	1334
ὕψος	1333
μόνου	1333
ἁμαρτίας	1333
or	1332
πραγμάτων	1330
ἔλαιον	1329
βασιλέα	1326
sic	1326
ταῖϲ	1326
χειρῶν	1325
κύριος	1324
ὅρα	1324
πλεῖστα	1321
δίκην	1320
πρόσωπον	1320
ἦλθεν	1320
καρπὸν	1318
νεκρῶν	1316
⁰	1314
τόδε	1312
λέξιν	1310
ἔλαβεν	1306
αἰῶνα	1304
προφητῶν	1302
λαμβάνειν	1301
πολὺν	1301
λέγουσιν	1300
σωμάτων	1299
ὁρῶν	1298
παῖδας	1297
γνῶσις	1297
Ἐπειδὴ	1296
καρδίαν	1293
εν	1293
παραχρῆμα	1292
ἐκείνην	1292
βουλόμενος	1292
Ἱπποκράτης	1292
οὐσίας	1291
Gu	1290
ἴδια	1289
δόξα	1288
γέγραπται	1287
εἶθ	1286
Ἀβραὰμ	1286
εὔλογον	1285
θάνατον	1284
δυνατόν	1283
eorum	1282
Ἀλέξανδρος	1281
δόξαν	1280
χειρὶ	1280
πόλεις	1275
εἶτ	1274
ὁρῶμεν	1274
ἀριθμῶν	1272
κακόν	1271
γο	1271
were	1270
πρώτως	1270
αἰ	1270
ἅπαντες	1269
πατρὶ	1269
τοὔνομα	1267
ἡδονὴν	1267
πέντε	1265
thou	1264
φυσικῶν	1263
μετʼ	1263
κινήσει	1262
τόν	1262
Λ	1261
ἀρτηρίας	1260
μηκέτι	1260
σώματι	1259
εἰρημένα	1258
ἕξις	1257
Ἀριϲτοφάνηϲ	1257
παῖδα	1255
φασὶν	1254
ἀρχαὶ	1254
φύλλα	1254
οὐσίαν	1253
ἀλλήλους	1252
ἅ	1251
ἔθνος	1248
ἔχω	1246
ea	1244
ἀρετὴ	1242
τόπῳ	1242
ἴνα	1240
καιρὸς	1239
παντί	1237
λεγόμενα	1236
καἰ	1235
ὄψεως	1235
ἑτέρα	1234
γέγονε	1232
οἶδε	1231
πάθους	1230
ὅλη	1229
ἁπλῶν	1228
εἰρημένον	1228
δυνάμεων	1227
σὰρξ	1227
γενόμενος	1226
ἑτέρῳ	1226
λίαν	1226
πόθεν	1225
αὑτῷ	1224
φωτὸς	1223
Gr	1223
es	1217
λογικὸν	1217
Ἐπὶ	1216
ὀνόματος	1216
ἔδωκεν	1215
σώματα	1215
τέχνης	1213
οἰκείαν	1212
λόγοι	1211
χρόνου	1211
ταὐτὰ	1211
οἷόν	1210
καλεῖν	1208
γνῶναι	1206
μόνην	1206
ἄπειρα	1205
ʼ	1204
φωνῇ	1204
κέντρου	1203
ὀνόματα	1201
had	1200
οὐρανῷ	1200
εἰρῆσθαι	1200
f	1199
κύκλῳ	1199
Ἰακὼβ	1198
πατέρα	1196
ἑτέρου	1196
ιδ	1196
also	1195
ἀλλήλοις	1195
οἴκου	1193
ἄγαν	1193
φημὶ	1193
σφόδρα	1192
ὁτιοῦν	1191
ψευδῆ	1191
τοὐναντίον	1190
ψυχή	1189
τρόπος	1189
θεός	1189
ἔρχεται	1189
χρείαν	1187
ἰδὼν	1187
ἀνάλογον	1186
αὑτὸν	1186
προσήκει	1186
παῖδες	1185
μέλαν	1185
πλησίον	1184
ὥραν	1184
συνεχὲς	1183
δύνασθαι	1183
ὅσαι	1183
οὐσίᾳ	1181
ἰατρῶν	1181
ὀφθαλμοὺς	1181
ἐκκλησίας	1181
ποιοῦσιν	1179
οὖ	1178
γαστρὸς	1178
Τί	1176
θανάτου	1174
τιμῆς	1174
καλῶν	1174
εἴσω	1174
ὀνομάτων	1174
προκείμενον	1173
χεῖρον	1172
πρόσωπον	1172
μείζονος	1171
eos	1171
ἄκρον	1170
γίγνεται	1170
ποιοῦσι	1167
πόλεμον	1167
οἶς	1167
μείζονα	1165
τάδε	1165
ἔχοντας	1165
τἄλλα	1164
ἐπί	1163
πρώτης	1162
δυνάμεως	1162
αἰτίων	1162
κοινῶς	1161
τοσαῦτα	1160
κοινὰ	1160
ἰδίᾳ	1160
ποιητὴς	1159
διαφορᾶς	1159
ὅσῳ	1157
ἡνίκα	1157
δήπου	1157
will	1156
θεοὶ	1156
κακοῦ	1154
ταὐτὸ	1153
τήν	1153
Et	1153
γινόμενα	1152
γενῶν	1152
Ἰσραήλ	1152
dem	1152
εἴρηκεν	1151
δείκνυται	1151
ὕλῃ	1150
Πνεῦμα	1149
ἐποίησεν	1148
συλλογισμὸς	1146
ἀριθμοῦ	1145
ἀκούειν	1145
ὀφθαλμοῖς	1144
ψυχὰς	1144
τα	1143
δέκα	1142
αὑτὰ	1141
πλείονα	1140
λέγοι	1139
λόγοις	1137
βίου	1137
μήτ	1136
πόλις	1135
πο	1135
λαὸν	1133
μένει	1133
πόλει	1133
χώραν	1133
ἐνεργεῖν	1133
κατά	1132
ἥκιστα	1132
τέχνην	1131
ὄπισθεν	1130
τόπος	1129
μόνος	1128
τάχα	1128
λεγόμενον	1128
πόλει	1127
φέρεται	1127
θεόν	1126
ἔχουσαν	1125
ἵππος	1125
ἄριστον	1124
ἄρτι	1124
ἀνθρώπους	1124
εἶδον	1123
ἐναντία	1123
διάνοιαν	1123
ἐροῦμεν	1122
ἅπασιν	1122
σπέρματος	1122
III	1119
εἰκότως	1118
διάστημα	1118
εὐθείας	1118
ἀφʼ	1118
χρήσιμον	1116
ἀληθὴς	1114
πάντῃ	1112
χρόνος	1111
ἑαυτὸ	1111
ipse	1110
ψυχροῦ	1110
βασιλείαν	1110
εἶναί	1109
οὐσιῶν	1108
χρεία	1108
ἔννοιαν	1105
ᾱ	1104
ὄψις	1103
ὑπό	1102
Πνεύματος	1100
ἐνδέχεται	1098
ἔργοις	1097
ἀγαθόν	1097
ἀνάγκης	1097
βούλεται	1096
οὕτε	1096
ἐπάγει	1095
δραχμὰς	1094
λέγοντος	1094
igitur	1092
Gen	1091
Lord	1090
ἔτει	1090
κοινοῦ	1089
ζητεῖ	1089
ἐκείνους	1089
ἰδίαν	1088
ἆρα	1088
διαίρεσιν	1088
omnes	1087
ὀλίγα	1087
sqq	1087
μακρὰν	1086
τοιαύτην	1086
μητρὸς	1086
οὐδέποτε	1083
λέγονται	1083
ὦν	1082
ξ	1082
λαὸς	1081
γένοιτο	1080
ἕτεροι	1080
πότερον	1080
ἐκεῖσε	1079
σπέρμα	1079
γίγνεσθαι	1078
τοιοῦτοι	1076
ἡμέρᾳ	1076
χώρας	1075
καλοῦσιν	1075
μόνης	1074
κόσμῳ	1073
μεταβολῆς	1071
χρῶνται	1071
ergo	1071
ὄψει	1071
ἡδονὴ	1071
φησί	1071
μήποτε	1070
δύναμις	1069
κωλύει	1069
θῆλυ	1068
ἀληθείας	1068
ἐγώ	1068
εὐθείας	1068
κύκλον	1068
αἰτίας	1067
ἄγει	1066
λέγοντες	1065
γενόμενος	1064
τισι	1064
pro	1064
γωνία	1063
θεωρεῖται	1062
μέγας	1062
τοιούτοις	1061
τέλους	1060
ὁρᾶται	1059
κίνησιν	1059
σοφίας	1059
προσώπου	1059
mit	1058
ψυχήν	1057
thy	1056
thee	1056
κοὶ	1056
τάδε	1055
Coss	1055
γενόμενον	1054
τέλειον	1054
Ar	1053
τρίγωνον	1053
ξηρὸν	1052
ὄργανον	1051
ἐστί	1050
πὼς	1050
ἐλάττων	1050
θέσιν	1049
γυναῖκες	1049
ἀέρος	1049
οι	1049
Π	1048
τῳ	1047
κἀγὼ	1046
σχήματος	1045
μεταβάλλει	1045
ἀεί	1044
πράγματα	1042
δύνανται	1041
λέγομεν	1041
θαυμαστὸν	1039
μάτην	1038
God	1037
νόμῳ	1036
τοῖσιν	1036
has	1035
εἰσίν	1034
ζῴοις	1033
ἀπόδειξιν	1033
ἀπόφασις	1033
τοιοῦτόν	1032
προ	1031
κᾂν	1031
κρίσιν	1030
ἴσαι	1030
quia	1029
ἁγίων	1029
ὁρισμὸν	1029
πάλαι	1027
ταχέως	1026
auch	1026
ἀπόδειξις	1024
ἐκκλησίας	1024
ιε	1024
πάσῃ	1023
πνεύματι	1023
διά	1022
ἀνδρὶ	1021
φθορᾶς	1021
γνώμην	1021
πόλεις	1020
κυρίου	1020
ἐγώ	1020
ὁρισμὸς	1020
Κατὰ	1019
κόσμου	1019
αἰσθητὸν	1019
ποιότητα	1019
οἰκείας	1019
χειμῶνος	1018
φέρε	1018
Ἀριστοτέλους	1018
ἔμπαλιν	1017
my	1016
περί	1016
ἔγραψεν	1014
l	1013
τρία	1013
διανοίας	1013
αἵ	1012
οὐσῶν	1011
ὀργῆς	1011
ἔτος	1011
κτλ	1011
ἐχόντων	1008
Ϛ	1008
ἰδέας	1007
Αἱ	1007
ἔχεις	1007
τελέως	1006
opp	1006
αὑτῶν	1005
Ῥωμαίων	1005
κόσμος	1004
ἱερὸν	1004
νεύρων	1004
αὐτός	1004
ἐχθρῶν	1004
γυναῖκας	1004
ποιητικὸν	1004
καλοῦσι	1003
ποιοῦν	1003
βιβλίον	1003
Ἰσραήλ	1003
τὶ	1000
παιδὸς	998
τοῦτό	998
τίνα	997
Ὅταν	996
μέτρον	996
οἴκῳ	995
τοιαύτη	994
μέγιστον	994
Ἰούδα	994
Τὴν	993
αι	993
τυχεῖν	992
ras	992
δεικνὺς	991
συνεχῆ	990
γαστέρα	990
κρεῖττον	990
οὐσίαι	990
ἑτέροις	989
εὐλόγως	989
κοινῇ	989
ἕτερόν	989
ἵππων	988
said	986
διδόναι	986
Υἱὸς	986
ἀπορίαν	985
τόπου	985
ἀλλήλους	984
περιφέρεια	984
δέρμα	983
ταύτας	983
Ἐκ	982
ἀκολουθεῖ	982
τρόπῳ	982
κεφαλῇ	981
οὐδέν	981
ζώων	981
πέφυκεν	980
ubi	980
σφαίρας	979
sicut	979
κίνησις	979
ὀξύνεται	978
omnia	976
ei	976
ὅπλα	975
πάθη	975
μετρίως	975
πάσχει	975
συλλογισμοῦ	975
δίκαιον	974
τρίτῳ	974
unto	973
ἀνωτέρω	973
ἑκάστῳ	973
ια	973
τροφὴ	972
ἔγνω	972
ἄρχεται	972
πρώτων	972
ἔδειξεν	972
υἱοὺς	971
πόλεμον	970
ὄξει	970
ἤρξατο	967
ἐλθὼν	966
τούς	966
ψυχῶν	966
πα	966
R	965
wie	965
προσώπου	964
πολλὴ	964
ὀνόματα	963
βασιλείας	962
κεῖσθαι	961
ἀέρα	961
έν	961
στοιχεῖον	960
θερμῷ	960
ποιὸν	960
πολλαὶ	959
φυλῆς	959
μάλα	958
ὁδοῦ	957
τιμὴν	957
ξύλον	956
κινήσεων	955
μικροῦ	953
ἄδηλον	953
μεταβολὴν	952
ὅρους	952
